1900	1	JEAN	14097
1900	1	LOUIS	9052
1900	1	PIERRE	7454
1900	1	JOSEPH	7259
1900	1	HENRI	6919
1900	2	MARIE	48713
1900	2	JEANNE	13981
1900	2	MARGUERITE	8058
1900	2	GERMAINE	6980
1900	2	LOUISE	6696
1901	1	JEAN	15634
1901	1	LOUIS	10061
1901	1	PIERRE	8450
1901	1	JOSEPH	7891
1901	1	MARCEL	7582
1901	2	MARIE	52150
1901	2	JEANNE	14963
1901	2	MARGUERITE	9009
1901	2	GERMAINE	7688
1901	2	LOUISE	7199
1902	1	JEAN	16364
1902	1	LOUIS	10436
1902	1	PIERRE	8978
1902	1	MARCEL	8187
1902	1	HENRI	8026
1902	2	MARIE	51857
1902	2	JEANNE	14927
1902	2	MARGUERITE	9101
1902	2	GERMAINE	8335
1902	2	LOUISE	6981
1903	1	JEAN	16535
1903	1	LOUIS	9988
1903	1	PIERRE	9075
1903	1	MARCEL	8600
1903	1	HENRI	8139
1903	2	MARIE	50424
1903	2	JEANNE	15017
1903	2	MARGUERITE	8846
1903	2	GERMAINE	7934
1903	2	LOUISE	6866
1904	1	JEAN	16944
1904	1	LOUIS	10416
1904	1	PIERRE	9215
1904	1	MARCEL	8874
1904	1	JOSEPH	8114
1904	2	MARIE	50131
1904	2	JEANNE	14909
1904	2	MARGUERITE	9003
1904	2	GERMAINE	8260
1904	2	LOUISE	6841
1905	1	JEAN	17998
1905	1	LOUIS	10523
1905	1	PIERRE	9429
1905	1	MARCEL	9251
1905	1	ANDRÉ	8434
1905	2	MARIE	48981
1905	2	JEANNE	15114
1905	2	MARGUERITE	9058
1905	2	GERMAINE	7909
1905	2	YVONNE	6929
1906	1	JEAN	18522
1906	1	LOUIS	10649
1906	1	PIERRE	9858
1906	1	MARCEL	9755
1906	1	ANDRÉ	9039
1906	2	MARIE	48447
1906	2	JEANNE	15493
1906	2	MARGUERITE	9245
1906	2	GERMAINE	8042
1906	2	YVONNE	6973
1907	1	JEAN	18475
1907	1	LOUIS	10844
1907	1	PIERRE	10075
1907	1	MARCEL	10072
1907	1	ANDRÉ	9381
1907	2	MARIE	46048
1907	2	JEANNE	14698
1907	2	MARGUERITE	9040
1907	2	GERMAINE	7903
1907	2	YVONNE	7138
1908	1	JEAN	19935
1908	1	LOUIS	11086
1908	1	MARCEL	10848
1908	1	PIERRE	10772
1908	1	ANDRÉ	10473
1908	2	MARIE	47460
1908	2	JEANNE	15312
1908	2	MARGUERITE	9205
1908	2	GERMAINE	7906
1908	2	MADELEINE	7606
1909	1	JEAN	20152
1909	1	ANDRÉ	11021
1909	1	LOUIS	10987
1909	1	PIERRE	10896
1909	1	MARCEL	10842
1909	2	MARIE	46398
1909	2	JEANNE	15853
1909	2	MARGUERITE	8867
1909	2	GERMAINE	7954
1909	2	MADELEINE	7506
1910	1	JEAN	20710
1910	1	ANDRÉ	11762
1910	1	LOUIS	11295
1910	1	PIERRE	11156
1910	1	MARCEL	11086
1910	2	MARIE	45296
1910	2	JEANNE	15896
1910	2	MARGUERITE	9023
1910	2	MADELEINE	8125
1910	2	GERMAINE	8060
1911	1	JEAN	20050
1911	1	ANDRÉ	11966
1911	1	PIERRE	10986
1911	1	MARCEL	10743
1911	1	LOUIS	10510
1911	2	MARIE	42293
1911	2	JEANNE	14757
1911	2	MARGUERITE	8404
1911	2	MADELEINE	7862
1911	2	YVONNE	7407
1912	1	JEAN	21652
1912	1	ANDRÉ	12886
1912	1	PIERRE	11911
1912	1	MARCEL	11360
1912	1	LOUIS	11144
1912	2	MARIE	43695
1912	2	JEANNE	15519
1912	2	MARGUERITE	8356
1912	2	MADELEINE	8225
1912	2	YVONNE	7848
1913	1	JEAN	21898
1913	1	ANDRÉ	12828
1913	1	PIERRE	12208
1913	1	MARCEL	11640
1913	1	LOUIS	10881
1913	2	MARIE	42696
1913	2	JEANNE	15347
1913	2	MARGUERITE	8285
1913	2	MADELEINE	8254
1913	2	YVONNE	7902
1914	1	JEAN	22088
1914	1	ANDRÉ	12561
1914	1	PIERRE	12295
1914	1	MARCEL	10813
1914	1	LOUIS	10574
1914	2	MARIE	42308
1914	2	JEANNE	15368
1914	2	MADELEINE	8472
1914	2	MARGUERITE	7767
1914	2	YVONNE	7431
1915	1	JEAN	14351
1915	1	PIERRE	7765
1915	1	ANDRÉ	7667
1915	1	LOUIS	7239
1915	1	MARCEL	6501
1915	2	MARIE	26745
1915	2	JEANNE	9642
1915	2	MADELEINE	5012
1915	2	MARGUERITE	4659
1915	2	YVONNE	4542
1916	1	JEAN	11274
1916	1	ANDRÉ	6687
1916	1	PIERRE	6060
1916	1	MARCEL	5701
1916	1	LOUIS	5425
1916	2	MARIE	19759
1916	2	JEANNE	7612
1916	2	MADELEINE	4262
1916	2	MARGUERITE	3945
1916	2	YVONNE	3737
1917	1	JEAN	12446
1917	1	ANDRÉ	7826
1917	1	PIERRE	6746
1917	1	MARCEL	6423
1917	1	RENÉ	6013
1917	2	MARIE	20299
1917	2	JEANNE	8102
1917	2	MADELEINE	4792
1917	2	SUZANNE	4156
1917	2	MARCELLE	4116
1918	1	JEAN	14546
1918	1	ANDRÉ	9214
1918	1	PIERRE	7786
1918	1	MARCEL	7701
1918	1	RENÉ	7242
1918	2	MARIE	22352
1918	2	JEANNE	8997
1918	2	MADELEINE	5463
1918	2	MARCELLE	4913
1918	2	SUZANNE	4900
1919	1	JEAN	16331
1919	1	ANDRÉ	10378
1919	1	MARCEL	8702
1919	1	PIERRE	8656
1919	1	RENÉ	8635
1919	2	MARIE	23803
1919	2	JEANNE	10036
1919	2	MADELEINE	6133
1919	2	YVONNE	5455
1919	2	SUZANNE	5444
1920	1	JEAN	28890
1920	1	ANDRÉ	18293
1920	1	PIERRE	15640
1920	1	RENÉ	15030
1920	1	MARCEL	14514
1920	2	MARIE	38277
1920	2	JEANNE	16727
1920	2	MADELEINE	9966
1920	2	SUZANNE	9481
1920	2	YVONNE	9052
1921	1	JEAN	29009
1921	1	ANDRÉ	18117
1921	1	PIERRE	15725
1921	1	RENÉ	14562
1921	1	MARCEL	13679
1921	2	MARIE	36788
1921	2	JEANNE	16063
1921	2	MADELEINE	9449
1921	2	SUZANNE	9098
1921	2	YVONNE	8791
1922	1	JEAN	28519
1922	1	ANDRÉ	17437
1922	1	PIERRE	15078
1922	1	RENÉ	13838
1922	1	MARCEL	12848
1922	2	MARIE	34135
1922	2	JEANNE	14678
1922	2	MADELEINE	8673
1922	2	SUZANNE	8614
1922	2	YVONNE	8082
1923	1	JEAN	29303
1923	1	ANDRÉ	17388
1923	1	PIERRE	15514
1923	1	RENÉ	13810
1923	1	ROGER	12592
1923	2	MARIE	33488
1923	2	JEANNE	13844
1923	2	MADELEINE	8748
1923	2	SUZANNE	8371
1923	2	PAULETTE	7865
1924	1	JEAN	29775
1924	1	ANDRÉ	16981
1924	1	PIERRE	15710
1924	1	RENÉ	13649
1924	1	ROGER	12704
1924	2	MARIE	32357
1924	2	JEANNE	13201
1924	2	MADELEINE	8057
1924	2	SUZANNE	7950
1924	2	DENISE	7895
1925	1	JEAN	31193
1925	1	ANDRÉ	17608
1925	1	PIERRE	16094
1925	1	RENÉ	14092
1925	1	ROGER	13539
1925	2	MARIE	31669
1925	2	JEANNE	12298
1925	2	JACQUELINE	8972
1925	2	DENISE	8160
1925	2	ODETTE	7882
1926	1	JEAN	31523
1926	1	ANDRÉ	17512
1926	1	PIERRE	16243
1926	1	RENÉ	14129
1926	1	ROGER	13406
1926	2	MARIE	31055
1926	2	JEANNE	11403
1926	2	JACQUELINE	9747
1926	2	DENISE	8428
1926	2	JEANNINE	7797
1927	1	JEAN	31449
1927	1	ANDRÉ	17371
1927	1	PIERRE	16382
1927	1	RENÉ	13716
1927	1	ROGER	13202
1927	2	MARIE	29266
1927	2	JEANNE	10485
1927	2	JACQUELINE	10200
1927	2	JEANNINE	8800
1927	2	DENISE	8439
1928	1	JEAN	32110
1928	1	ANDRÉ	17737
1928	1	PIERRE	16296
1928	1	RENÉ	13640
1928	1	ROGER	12989
1928	2	MARIE	28544
1928	2	JACQUELINE	10536
1928	2	JEANNE	9901
1928	2	JEANNINE	9612
1928	2	DENISE	8178
1929	1	JEAN	32071
1929	1	ANDRÉ	17312
1929	1	PIERRE	15911
1929	1	RENÉ	13266
1929	1	ROGER	12582
1929	2	MARIE	26893
1929	2	JACQUELINE	10578
1929	2	JEANNINE	9940
1929	2	JEANNE	8972
1929	2	DENISE	7930
1930	1	JEAN	33847
1930	1	ANDRÉ	17073
1930	1	PIERRE	16474
1930	1	RENÉ	13305
1930	1	MICHEL	12703
1930	2	MARIE	27770
1930	2	JACQUELINE	11448
1930	2	JEANNINE	10993
1930	2	JEANNE	8919
1930	2	DENISE	8281
1931	1	JEAN	33463
1931	1	ANDRÉ	17115
1931	1	PIERRE	16074
1931	1	MICHEL	13453
1931	1	RENÉ	12512
1931	2	MARIE	27358
1931	2	JACQUELINE	11613
1931	2	JEANNINE	10839
1931	2	JEANNE	8451
1931	2	DENISE	8108
1932	1	JEAN	33836
1932	1	ANDRÉ	16954
1932	1	PIERRE	15688
1932	1	MICHEL	14071
1932	1	RENÉ	12090
1932	2	MARIE	26657
1932	2	JACQUELINE	11634
1932	2	JEANNINE	10543
1932	2	MONIQUE	9453
1932	2	YVETTE	7984
1933	1	JEAN	32858
1933	1	ANDRÉ	15796
1933	1	PIERRE	14874
1933	1	MICHEL	14417
1933	1	CLAUDE	11216
1933	2	MARIE	24982
1933	2	JACQUELINE	11190
1933	2	MONIQUE	10066
1933	2	JEANNINE	9898
1933	2	DENISE	7263
1934	1	JEAN	33518
1934	1	MICHEL	15675
1934	1	ANDRÉ	15452
1934	1	PIERRE	14670
1934	1	CLAUDE	12911
1934	2	MARIE	24791
1934	2	JACQUELINE	11764
1934	2	MONIQUE	11570
1934	2	JEANNINE	9645
1934	2	DENISE	6998
1935	1	JEAN	32690
1935	1	MICHEL	15749
1935	1	PIERRE	14154
1935	1	ANDRÉ	13989
1935	1	CLAUDE	13013
1935	2	MARIE	23544
1935	2	MONIQUE	11838
1935	2	JACQUELINE	10808
1935	2	JEANNINE	8729
1935	2	DENISE	6559
1936	1	JEAN	33321
1936	1	MICHEL	15882
1936	1	CLAUDE	14852
1936	1	PIERRE	13431
1936	1	ANDRÉ	13212
1936	2	MARIE	23127
1936	2	MONIQUE	12490
1936	2	JACQUELINE	10369
1936	2	JEANNINE	8209
1936	2	NICOLE	7187
1937	1	JEAN	33689
1937	1	MICHEL	16355
1937	1	CLAUDE	14310
1937	1	PIERRE	12861
1937	1	ANDRÉ	12642
1937	2	MARIE	22717
1937	2	MONIQUE	13228
1937	2	JACQUELINE	9953
1937	2	NICOLE	7887
1937	2	JEANNINE	7507
1938	1	JEAN	35356
1938	1	MICHEL	16848
1938	1	CLAUDE	13552
1938	1	PIERRE	12452
1938	1	ANDRÉ	12036
1938	2	MARIE	23171
1938	2	MONIQUE	14071
1938	2	JACQUELINE	10230
1938	2	NICOLE	8458
1938	2	JEANNINE	7064
1939	1	JEAN	37294
1939	1	MICHEL	17141
1939	1	CLAUDE	13275
1939	1	PIERRE	11885
1939	1	ANDRÉ	11349
1939	2	MARIE	23604
1939	2	MONIQUE	14036
1939	2	JACQUELINE	9595
1939	2	NICOLE	9229
1939	2	JEANNINE	6342
1940	1	JEAN	34879
1940	1	MICHEL	16367
1940	1	CLAUDE	11586
1940	1	ANDRÉ	10063
1940	1	PIERRE	9985
1940	2	MARIE	22332
1940	2	MONIQUE	12515
1940	2	NICOLE	8437
1940	2	JACQUELINE	8336
1940	2	FRANÇOISE	5987
1941	1	JEAN	33295
1941	1	MICHEL	16139
1941	1	CLAUDE	10200
1941	1	ANDRÉ	9107
1941	1	JACQUES	9059
1941	2	MARIE	20497
1941	2	MONIQUE	11860
1941	2	NICOLE	8662
1941	2	JACQUELINE	7975
1941	2	FRANÇOISE	6275
1942	1	JEAN	37526
1942	1	MICHEL	18704
1942	1	BERNARD	10248
1942	1	CLAUDE	10073
1942	1	JACQUES	10023
1942	2	MARIE	22521
1942	2	MONIQUE	12540
1942	2	NICOLE	10183
1942	2	JACQUELINE	8590
1942	2	FRANÇOISE	7875
1943	1	JEAN	40742
1943	1	MICHEL	20722
1943	1	BERNARD	11806
1943	1	DANIEL	11524
1943	1	GÉRARD	11183
1943	2	MARIE	24309
1943	2	MONIQUE	13228
1943	2	NICOLE	11057
1943	2	FRANÇOISE	9107
1943	2	JACQUELINE	8851
1944	1	JEAN	40072
1944	1	MICHEL	20880
1944	1	DANIEL	12254
1944	1	BERNARD	11958
1944	1	GÉRARD	11898
1944	2	MARIE	25211
1944	2	MONIQUE	12872
1944	2	NICOLE	11055
1944	2	FRANÇOISE	9457
1944	2	JACQUELINE	8762
1945	1	JEAN	40730
1945	1	MICHEL	21010
1945	1	DANIEL	13227
1945	1	GÉRARD	12399
1945	1	BERNARD	11918
1945	2	MARIE	25244
1945	2	MONIQUE	11777
1945	2	NICOLE	11035
1945	2	FRANÇOISE	9757
1945	2	DANIELLE	8596
1946	1	JEAN	53502
1946	1	MICHEL	31887
1946	1	DANIEL	20819
1946	1	ALAIN	19786
1946	1	GÉRARD	19229
1946	2	MARIE	31187
1946	2	MONIQUE	16890
1946	2	NICOLE	15549
1946	2	FRANÇOISE	14352
1946	2	JACQUELINE	12452
1947	1	JEAN	51309
1947	1	MICHEL	32583
1947	1	ALAIN	22783
1947	1	DANIEL	21346
1947	1	BERNARD	19826
1947	2	MARIE	32873
1947	2	MONIQUE	16702
1947	2	NICOLE	15838
1947	2	FRANÇOISE	14753
1947	2	DANIELLE	12318
1948	1	JEAN	46183
1948	1	MICHEL	32277
1948	1	ALAIN	23649
1948	1	DANIEL	20303
1948	1	GÉRARD	19860
1948	2	MARIE	30987
1948	2	MONIQUE	15989
1948	2	FRANÇOISE	15231
1948	2	NICOLE	14757
1948	2	CHRISTIANE	11445
1949	1	JEAN	42770
1949	1	MICHEL	30450
1949	1	ALAIN	23473
1949	1	GÉRARD	20005
1949	1	DANIEL	19231
1949	2	MARIE	30292
1949	2	FRANÇOISE	15256
1949	2	MONIQUE	15213
1949	2	MARTINE	13968
1949	2	NICOLE	13546
1950	1	JEAN	38266
1950	1	MICHEL	27955
1950	1	ALAIN	24047
1950	1	GÉRARD	18615
1950	1	BERNARD	18354
1950	2	MARIE	28028
1950	2	MARTINE	16288
1950	2	FRANÇOISE	14734
1950	2	MONIQUE	14647
1950	2	NICOLE	12692
1951	1	JEAN	35221
1951	1	MICHEL	25136
1951	1	ALAIN	23032
1951	1	BERNARD	16985
1951	1	CHRISTIAN	16677
1951	2	MARIE	25069
1951	2	MARTINE	19005
1951	2	FRANÇOISE	13650
1951	2	MONIQUE	12791
1951	2	NICOLE	11538
1952	1	JEAN	33904
1952	1	MICHEL	23768
1952	1	ALAIN	21918
1952	1	BERNARD	17878
1952	1	CHRISTIAN	16142
1952	2	MARIE	25621
1952	2	MARTINE	20605
1952	2	FRANÇOISE	12965
1952	2	CHANTAL	12301
1952	2	MONIQUE	11359
1953	1	JEAN	29279
1953	1	MICHEL	22351
1953	1	ALAIN	21297
1953	1	PATRICK	18445
1953	1	CHRISTIAN	16819
1953	2	MARIE	22537
1953	2	MARTINE	22391
1953	2	CHANTAL	12893
1953	2	FRANÇOISE	12448
1953	2	MONIQUE	10267
1954	1	JEAN	28495
1954	1	MICHEL	21381
1954	1	PATRICK	20728
1954	1	ALAIN	20319
1954	1	CHRISTIAN	17077
1954	2	MARIE	23379
1954	2	MARTINE	22820
1954	2	CHANTAL	13187
1954	2	FRANÇOISE	12184
1954	2	CATHERINE	9962
1955	1	JEAN	24790
1955	1	MICHEL	21553
1955	1	PATRICK	20310
1955	1	ALAIN	19868
1955	1	PHILIPPE	17615
1955	2	MARTINE	20839
1955	2	MARIE	19882
1955	2	FRANÇOISE	12854
1955	2	CHANTAL	12541
1955	2	CATHERINE	12493
1956	1	JEAN	23870
1956	1	PATRICK	21351
1956	1	MICHEL	20435
1956	1	PHILIPPE	18832
1956	1	ALAIN	18529
1956	2	MARIE	19518
1956	2	MARTINE	19419
1956	2	CATHERINE	14071
1956	2	FRANÇOISE	12701
1956	2	BRIGITTE	12357
1957	1	JEAN	22122
1957	1	PATRICK	21064
1957	1	PHILIPPE	20745
1957	1	MICHEL	19031
1957	1	ALAIN	17561
1957	2	MARIE	18125
1957	2	MARTINE	17831
1957	2	BRIGITTE	15476
1957	2	CATHERINE	15428
1957	2	FRANÇOISE	12480
1958	1	PHILIPPE	22108
1958	1	JEAN	21056
1958	1	PATRICK	19909
1958	1	MICHEL	17719
1958	1	ALAIN	16059
1958	2	MARIE	18017
1958	2	BRIGITTE	17145
1958	2	MARTINE	17076
1958	2	CATHERINE	16418
1958	2	SYLVIE	13222
1959	1	PHILIPPE	23437
1959	1	JEAN	20090
1959	1	PATRICK	20022
1959	1	MICHEL	16425
1959	1	ALAIN	16389
1959	2	BRIGITTE	18164
1959	2	CATHERINE	16802
1959	2	MARIE	16537
1959	2	SYLVIE	15447
1959	2	MARTINE	15192
1960	1	PHILIPPE	24762
1960	1	PATRICK	18524
1960	1	PASCAL	17778
1960	1	JEAN	17526
1960	1	ALAIN	15275
1960	2	CATHERINE	18043
1960	2	SYLVIE	17656
1960	2	CHRISTINE	15156
1960	2	MARIE	14895
1960	2	BRIGITTE	14609
1961	1	PHILIPPE	24968
1961	1	PASCAL	19891
1961	1	ERIC	17888
1961	1	PATRICK	17700
1961	1	JEAN	16031
1961	2	SYLVIE	19193
1961	2	CATHERINE	19007
1961	2	CHRISTINE	15575
1961	2	MARIE	14166
1961	2	ISABELLE	13490
1962	1	PHILIPPE	24923
1962	1	PASCAL	21256
1962	1	ERIC	17906
1962	1	PATRICK	16248
1962	1	THIERRY	15744
1962	2	SYLVIE	20823
1962	2	CATHERINE	19706
1962	2	ISABELLE	15826
1962	2	CHRISTINE	14766
1962	2	VÉRONIQUE	14666
1963	1	PHILIPPE	26211
1963	1	PASCAL	20641
1963	1	ERIC	20041
1963	1	THIERRY	19021
1963	1	PATRICK	17213
1963	2	SYLVIE	25669
1963	2	CATHERINE	19902
1963	2	ISABELLE	17555
1963	2	VÉRONIQUE	16206
1963	2	CHRISTINE	16113
1964	1	PHILIPPE	26023
1964	1	THIERRY	25519
1964	1	ERIC	19971
1964	1	PASCAL	17847
1964	1	PATRICK	16110
1964	2	SYLVIE	27551
1964	2	NATHALIE	22185
1964	2	ISABELLE	21520
1964	2	CATHERINE	18596
1964	2	CHRISTINE	16042
1965	1	THIERRY	24540
1965	1	PHILIPPE	24162
1965	1	ERIC	20135
1965	1	PASCAL	17524
1965	1	LAURENT	15231
1965	2	NATHALIE	30291
1965	2	SYLVIE	24640
1965	2	ISABELLE	23977
1965	2	CATHERINE	16442
1965	2	VALÉRIE	16302
1966	1	PHILIPPE	22738
1966	1	CHRISTOPHE	20673
1966	1	THIERRY	19353
1966	1	ERIC	18200
1966	1	PASCAL	16715
1966	2	NATHALIE	31410
1966	2	ISABELLE	23229
1966	2	SYLVIE	20313
1966	2	VALÉRIE	20261
1966	2	CATHERINE	15112
1967	1	CHRISTOPHE	21727
1967	1	PHILIPPE	21230
1967	1	LAURENT	17455
1967	1	ERIC	16712
1967	1	THIERRY	15754
1967	2	NATHALIE	29233
1967	2	VALÉRIE	22460
1967	2	ISABELLE	21633
1967	2	SYLVIE	17317
1967	2	VÉRONIQUE	13036
1968	1	CHRISTOPHE	21470
1968	1	LAURENT	19232
1968	1	PHILIPPE	18527
1968	1	ERIC	16254
1968	1	STÉPHANE	14728
1968	2	NATHALIE	28584
1968	2	VALÉRIE	21759
1968	2	ISABELLE	20475
1968	2	SYLVIE	17145
1968	2	SANDRINE	13078
1969	1	CHRISTOPHE	22638
1969	1	LAURENT	19828
1969	1	STÉPHANE	17685
1969	1	PHILIPPE	16041
1969	1	ERIC	14082
1969	2	NATHALIE	28360
1969	2	VALÉRIE	22556
1969	2	ISABELLE	18843
1969	2	SANDRINE	15207
1969	2	SYLVIE	14463
1970	1	CHRISTOPHE	21850
1970	1	STÉPHANE	21794
1970	1	LAURENT	19958
1970	1	DAVID	18457
1970	1	OLIVIER	14459
1970	2	NATHALIE	26217
1970	2	VALÉRIE	19388
1970	2	SANDRINE	18037
1970	2	ISABELLE	16543
1970	2	SYLVIE	12388
1971	1	STÉPHANE	23326
1971	1	CHRISTOPHE	22097
1971	1	LAURENT	19723
1971	1	DAVID	17265
1971	1	OLIVIER	15529
1971	2	NATHALIE	22674
1971	2	SANDRINE	20846
1971	2	ISABELLE	17479
1971	2	VALÉRIE	16835
1971	2	CHRISTELLE	12053
1972	1	CHRISTOPHE	21156
1972	1	STÉPHANE	20974
1972	1	DAVID	19694
1972	1	LAURENT	16048
1972	1	OLIVIER	15121
1972	2	SANDRINE	19886
1972	2	NATHALIE	19200
1972	2	ISABELLE	16500
1972	2	VALÉRIE	14562
1972	2	CHRISTELLE	13129
1973	1	CHRISTOPHE	21068
1973	1	STÉPHANE	19195
1973	1	DAVID	19068
1973	1	FRÉDÉRIC	18192
1973	1	SÉBASTIEN	14947
1973	2	SANDRINE	17602
1973	2	NATHALIE	16919
1973	2	ISABELLE	14486
1973	2	STÉPHANIE	13728
1973	2	CHRISTELLE	12864
1974	1	STÉPHANE	18508
1974	1	DAVID	17883
1974	1	CHRISTOPHE	17311
1974	1	FRÉDÉRIC	16580
1974	1	SÉBASTIEN	16222
1974	2	STÉPHANIE	23519
1974	2	SANDRINE	15702
1974	2	NATHALIE	13945
1974	2	ISABELLE	10798
1974	2	VIRGINIE	10542
1975	1	SÉBASTIEN	16769
1975	1	FRÉDÉRIC	15970
1975	1	DAVID	15500
1975	1	STÉPHANE	15359
1975	1	CHRISTOPHE	14444
1975	2	STÉPHANIE	19593
1975	2	SANDRINE	13933
1975	2	NATHALIE	10956
1975	2	CÉLINE	10154
1975	2	VIRGINIE	10150
1976	1	SÉBASTIEN	19285
1976	1	DAVID	14685
1976	1	FRÉDÉRIC	14353
1976	1	CHRISTOPHE	13106
1976	1	STÉPHANE	12476
1976	2	STÉPHANIE	16694
1976	2	SANDRINE	12084
1976	2	CÉLINE	10626
1976	2	NATHALIE	9341
1976	2	VIRGINIE	9193
1977	1	SÉBASTIEN	19466
1977	1	NICOLAS	15227
1977	1	DAVID	13575
1977	1	FRÉDÉRIC	12080
1977	1	CHRISTOPHE	11864
1977	2	STÉPHANIE	15058
1977	2	CÉLINE	12014
1977	2	SANDRINE	11060
1977	2	VIRGINIE	9640
1977	2	NATHALIE	8046
1978	1	SÉBASTIEN	19098
1978	1	NICOLAS	13536
1978	1	DAVID	12235
1978	1	FRÉDÉRIC	10372
1978	1	CHRISTOPHE	10361
1978	2	CÉLINE	12127
1978	2	STÉPHANIE	12080
1978	2	VIRGINIE	9480
1978	2	SANDRINE	9193
1978	2	LAETITIA	7595
1979	1	SÉBASTIEN	17500
1979	1	NICOLAS	13169
1979	1	JULIEN	11145
1979	1	DAVID	11084
1979	1	CHRISTOPHE	9627
1979	2	CÉLINE	13701
1979	2	STÉPHANIE	10603
1979	2	VIRGINIE	8827
1979	2	AURÉLIE	8788
1979	2	SANDRINE	8043
1980	1	NICOLAS	21803
1980	1	SÉBASTIEN	16474
1980	1	JULIEN	13895
1980	1	DAVID	10194
1980	1	CHRISTOPHE	9478
1980	2	CÉLINE	12851
1980	2	EMILIE	11585
1980	2	AURÉLIE	11195
1980	2	VIRGINIE	9946
1980	2	STÉPHANIE	9317
1981	1	NICOLAS	20824
1981	1	JULIEN	15057
1981	1	SÉBASTIEN	14652
1981	1	DAVID	9777
1981	1	GUILLAUME	8837
1981	2	CÉLINE	12501
1981	2	AURÉLIE	12358
1981	2	EMILIE	10805
1981	2	VIRGINIE	8892
1981	2	STÉPHANIE	8526
1982	1	NICOLAS	17797
1982	1	JULIEN	16446
1982	1	SÉBASTIEN	13547
1982	1	DAVID	9263
1982	1	GUILLAUME	8254
1982	2	AURÉLIE	13673
1982	2	CÉLINE	11210
1982	2	EMILIE	10355
1982	2	LAETITIA	8387
1982	2	STÉPHANIE	8034
1983	1	JULIEN	16332
1983	1	NICOLAS	14540
1983	1	SÉBASTIEN	11549
1983	1	GUILLAUME	9246
1983	1	DAVID	7593
1983	2	AURÉLIE	13924
1983	2	EMILIE	10331
1983	2	CÉLINE	9218
1983	2	JULIE	8315
1983	2	ELODIE	8121
1984	1	JULIEN	15229
1984	1	NICOLAS	13584
1984	1	SÉBASTIEN	10399
1984	1	GUILLAUME	9380
1984	1	JONATHAN	7591
1984	2	AURÉLIE	12886
1984	2	EMILIE	9717
1984	2	CÉLINE	9000
1984	2	ELODIE	8838
1984	2	JULIE	8448
1985	1	JULIEN	17022
1985	1	NICOLAS	13843
1985	1	SÉBASTIEN	8855
1985	1	GUILLAUME	8572
1985	1	JONATHAN	8541
1985	2	AURÉLIE	12570
1985	2	EMILIE	11380
1985	2	JULIE	8735
1985	2	MARIE	7867
1985	2	ELODIE	7804
1986	1	JULIEN	15330
1986	1	NICOLAS	12507
1986	1	GUILLAUME	9083
1986	1	ALEXANDRE	8739
1986	1	SÉBASTIEN	8152
1986	2	AURÉLIE	11313
1986	2	EMILIE	9304
1986	2	JULIE	8967
1986	2	ELODIE	8512
1986	2	STÉPHANIE	8424
1987	1	JULIEN	13419
1987	1	NICOLAS	10909
1987	1	ROMAIN	9627
1987	1	ALEXANDRE	8223
1987	1	ANTHONY	8063
1987	2	JULIE	9934
1987	2	AURÉLIE	9884
1987	2	ELODIE	8953
1987	2	EMILIE	7645
1987	2	MARIE	7530
1988	1	JULIEN	12451
1988	1	NICOLAS	10749
1988	1	ROMAIN	9395
1988	1	ANTHONY	9080
1988	1	KEVIN	8369
1988	2	ELODIE	11821
1988	2	LAURA	9241
1988	2	JULIE	8681
1988	2	AURÉLIE	7888
1988	2	MARIE	7353
1989	1	KEVIN	11344
1989	1	JULIEN	10730
1989	1	NICOLAS	9545
1989	1	ROMAIN	9083
1989	1	ALEXANDRE	8324
1989	2	ELODIE	10480
1989	2	LAURA	8074
1989	2	JULIE	8011
1989	2	AURÉLIE	7626
1989	2	MARION	7110
1990	1	KEVIN	11403
1990	1	THOMAS	9816
1990	1	JULIEN	9415
1990	1	NICOLAS	9151
1990	1	ALEXANDRE	8370
1990	2	ELODIE	8620
1990	2	LAURA	7920
1990	2	JULIE	7451
1990	2	MARINE	6924
1990	2	MARIE	6766
1991	1	KEVIN	13304
1991	1	THOMAS	9793
1991	1	ALEXANDRE	8879
1991	1	JULIEN	8799
1991	1	NICOLAS	8580
1991	2	MARINE	8200
1991	2	ELODIE	7912
1991	2	LAURA	7281
1991	2	JULIE	6952
1991	2	MARIE	6691
1992	1	KEVIN	12628
1992	1	THOMAS	9780
1992	1	MAXIME	8930
1992	1	ALEXANDRE	8778
1992	1	NICOLAS	8338
1992	2	LAURA	7489
1992	2	MARINE	7379
1992	2	MARIE	7288
1992	2	MARION	6364
1992	2	ELODIE	6361
1993	1	KEVIN	11212
1993	1	THOMAS	8976
1993	1	ALEXANDRE	8955
1993	1	NICOLAS	8683
1993	1	MAXIME	8228
1993	2	LAURA	7561
1993	2	MARINE	6966
1993	2	MARIE	6819
1993	2	ANAÏS	6561
1993	2	CAMILLE	6510
1994	1	KEVIN	9853
1994	1	NICOLAS	9244
1994	1	ALEXANDRE	8830
1994	1	THOMAS	8142
1994	1	MAXIME	7638
1994	2	LAURA	7928
1994	2	MANON	7480
1994	2	MARIE	7218
1994	2	CAMILLE	7017
1994	2	MARINE	6417
1995	1	NICOLAS	9137
1995	1	ALEXANDRE	9012
1995	1	THOMAS	8860
1995	1	MAXIME	7700
1995	1	KEVIN	7599
1995	2	MANON	8239
1995	2	MARIE	7631
1995	2	LAURA	7582
1995	2	CAMILLE	7333
1995	2	MARINE	6637
1996	1	THOMAS	9386
1996	1	ALEXANDRE	8866
1996	1	NICOLAS	8846
1996	1	MAXIME	7766
1996	1	DYLAN	6910
1996	2	MANON	7614
1996	2	LAURA	7422
1996	2	MARIE	7422
1996	2	CAMILLE	7231
1996	2	MARINE	6223
1997	1	THOMAS	9592
1997	1	ALEXANDRE	8193
1997	1	NICOLAS	7741
1997	1	MAXIME	7500
1997	1	QUENTIN	7190
1997	2	LÉA	7498
1997	2	MANON	7382
1997	2	CAMILLE	7019
1997	2	MARIE	6773
1997	2	CHLOÉ	6513
1998	1	THOMAS	9414
1998	1	ALEXANDRE	7512
1998	1	QUENTIN	7501
1998	1	MAXIME	7197
1998	1	NICOLAS	7181
1998	2	LÉA	8142
1998	2	MANON	7634
1998	2	CAMILLE	7461
1998	2	MARIE	6854
1998	2	CHLOÉ	6126
1999	1	THOMAS	9407
1999	1	LUCAS	8038
1999	1	MAXIME	7011
1999	1	HUGO	6999
1999	1	ALEXANDRE	6950
1999	2	LÉA	9647
1999	2	MANON	7476
1999	2	CAMILLE	7192
1999	2	MARIE	6311
1999	2	CHLOÉ	6131
2000	1	THOMAS	10452
2000	1	LUCAS	8304
2000	1	THÉO	7962
2000	1	HUGO	7695
2000	1	MAXIME	6827
2000	2	LÉA	10657
2000	2	MANON	7852
2000	2	CAMILLE	7355
2000	2	CHLOÉ	7188
2000	2	EMMA	6852
2001	1	THOMAS	10106
2001	1	LUCAS	9038
2001	1	THÉO	8858
2001	1	HUGO	7050
2001	1	MAXIME	6596
2001	2	LÉA	10709
2001	2	MANON	7579
2001	2	CHLOÉ	7025
2001	2	CAMILLE	6576
2001	2	EMMA	6382
2002	1	LUCAS	9318
2002	1	THÉO	8692
2002	1	THOMAS	8158
2002	1	HUGO	7247
2002	1	MAXIME	6040
2002	2	LÉA	9733
2002	2	MANON	7562
2002	2	EMMA	6518
2002	2	CHLOÉ	6098
2002	2	CAMILLE	5823
2003	1	LUCAS	8287
2003	1	THÉO	7859
2003	1	HUGO	7386
2003	1	THOMAS	6853
2003	1	ENZO	6743
2003	2	LÉA	8961
2003	2	MANON	6911
2003	2	EMMA	6221
2003	2	CHLOÉ	5792
2003	2	CAMILLE	5355
2004	1	ENZO	7960
2004	1	LUCAS	6819
2004	1	THÉO	6491
2004	1	THOMAS	6455
2004	1	HUGO	6147
2004	2	LÉA	7386
2004	2	EMMA	6628
2004	2	MANON	6279
2004	2	CHLOÉ	5435
2004	2	CLARA	5364
2005	1	ENZO	8852
2005	1	LUCAS	6813
2005	1	MATHIS	5776
2005	1	THOMAS	5657
2005	1	HUGO	5573
2005	2	EMMA	7090
2005	2	LÉA	6638
2005	2	CLARA	6032
2005	2	MANON	5919
2005	2	CHLOÉ	5266
2006	1	ENZO	8325
2006	1	LUCAS	7190
2006	1	MATHIS	6174
2006	1	NATHAN	6044
2006	1	THOMAS	5304
2006	2	EMMA	7095
2006	2	LÉA	6503
2006	2	CLARA	6043
2006	2	MANON	5570
2006	2	CHLOÉ	5196
2007	1	ENZO	7491
2007	1	LUCAS	7446
2007	1	NATHAN	6622
2007	1	MATHIS	5837
2007	1	LOUIS	4835
2007	2	EMMA	6736
2007	2	LÉA	5829
2007	2	CLARA	5205
2007	2	CHLOÉ	5142
2007	2	MANON	5053
2008	1	LUCAS	7069
2008	1	ENZO	6979
2008	1	NATHAN	6437
2008	1	MATHIS	5646
2008	1	LOUIS	5054
2008	2	EMMA	6767
2008	2	LÉA	5749
2008	2	JADE	5468
2008	2	MANON	5350
2008	2	CHLOÉ	5068
2009	1	LUCAS	7479
2009	1	NATHAN	7003
2009	1	ENZO	6492
2009	1	LOUIS	4855
2009	1	MATHIS	4646
2009	2	EMMA	6589
2009	2	JADE	5503
2009	2	LÉA	5291
2009	2	CHLOÉ	5023
2009	2	MANON	4939
2010	1	NATHAN	7033
2010	1	LUCAS	6923
2010	1	ENZO	5949
2010	1	LOUIS	4808
2010	1	HUGO	4656
2010	2	EMMA	6400
2010	2	MANON	5042
2010	2	LOLA	4900
2010	2	JADE	4843
2010	2	CAMILLE	4157
2011	1	LUCAS	6101
2011	1	NATHAN	5975
2011	1	ENZO	5410
2011	1	GABRIEL	4856
2011	1	LOUIS	4642
2011	2	EMMA	5924
2011	2	MANON	4833
2011	2	JADE	4620
2011	2	LOLA	4406
2011	2	CAMILLE	3895
2012	1	LUCAS	5730
2012	1	NATHAN	5425
2012	1	LOUIS	5046
2012	1	GABRIEL	5018
2012	1	ETHAN	4798
2012	2	EMMA	5187
2012	2	LOUISE	4443
2012	2	MANON	4340
2012	2	JADE	4160
2012	2	CHLOÉ	4157
2013	1	LUCAS	5659
2013	1	HUGO	5399
2013	1	LOUIS	5287
2013	1	GABRIEL	5191
2013	1	ETHAN	4734
2013	2	EMMA	4796
2013	2	LOUISE	4480
2013	2	CHLOÉ	4314
2013	2	JADE	4228
2013	2	MANON	3993
2014	1	LUCAS	5471
2014	1	GABRIEL	5360
2014	1	LOUIS	4982
2014	1	HUGO	4898
2014	1	JULES	4679
2014	2	JADE	4696
2014	2	LOUISE	4636
2014	2	EMMA	4500
2014	2	CHLOÉ	3867
2014	2	MANON	3822
2015	1	GABRIEL	5651
2015	1	JULES	5153
2015	1	LUCAS	5018
2015	1	LOUIS	4748
2015	1	ADAM	4530
2015	2	LOUISE	4544
2015	2	EMMA	4406
2015	2	JADE	4303
2015	2	CHLOÉ	3604
2015	2	MANON	3530
2016	1	GABRIEL	5876
2016	1	JULES	5033
2016	1	ADAM	4656
2016	1	LUCAS	4587
2016	1	LOUIS	4571
2016	2	EMMA	4723
2016	2	LOUISE	4174
2016	2	JADE	4146
2016	2	ALICE	3484
2016	2	CHLOÉ	3327
2017	1	GABRIEL	5442
2017	1	LOUIS	4405
2017	1	RAPHAËL	4203
2017	1	JULES	4182
2017	1	ADAM	4168
2017	2	EMMA	4816
2017	2	LOUISE	4040
2017	2	JADE	4033
2017	2	ALICE	3377
2017	2	CHLOÉ	3152
2018	1	GABRIEL	5424
2018	1	RAPHAËL	4605
2018	1	LÉO	4451
2018	1	LOUIS	4410
2018	1	LUCAS	3979
2018	2	EMMA	4372
2018	2	JADE	3973
2018	2	LOUISE	3767
2018	2	ALICE	3308
2018	2	CHLOÉ	3127
2019	1	GABRIEL	4987
2019	1	LÉO	4655
2019	1	RAPHAËL	4468
2019	1	ARTHUR	4003
2019	1	LOUIS	3944
2019	2	EMMA	3954
2019	2	JADE	3818
2019	2	LOUISE	3749
2019	2	ALICE	3290
2019	2	LINA	2957
2020	1	LÉO	4498
2020	1	GABRIEL	4413
2020	1	RAPHAËL	3976
2020	1	ARTHUR	3801
2020	1	LOUIS	3789
2020	2	JADE	3816
2020	2	LOUISE	3808
2020	2	EMMA	3483
2020	2	ALICE	2973
2020	2	AMBRE	2737
2021	1	GABRIEL	4972
2021	1	LÉO	4362
2021	1	RAPHAËL	3961
2021	1	LOUIS	3708
2021	1	ARTHUR	3592
2021	2	JADE	3796
2021	2	LOUISE	3759
2021	2	EMMA	3197
2021	2	AMBRE	3008
2021	2	ALICE	2757
2022	1	GABRIEL	4885
2022	1	LÉO	4078
2022	1	RAPHAËL	3794
2022	1	MAËL	3570
2022	1	LOUIS	3555
2022	2	JADE	3418
2022	2	LOUISE	3408
2022	2	AMBRE	3376
2022	2	ALBA	3272
2022	2	EMMA	3156
